epoch,loss,accuracy,sensitivity,specificity,f1_score,auc_roc,val_time_s,condicao,backend
0,,53.333333333333336,99.99999999333333,6.6666666662222225,0.6818181818181818,0.8533333333333333,21.668452501296997,sem_ZNE,ibm_fez
1,0.8320274256838461,53.333333333333336,99.99999999333333,6.6666666662222225,0.6818181818181818,0.8488888888888889,314.9789934158325,sem_ZNE,ibm_fez
